"R2","SE","CI","CI_low","CI_high","Component","model"
0.289251096537027,0.0549042574891457,0.95,0.195733163701984,0.393095146127323,"conditional","ssfBrms"
0.0510646240625136,0.0272539185915477,0.95,0.0105604162682461,0.104236389058209,"marginal","ssfBrms"
0.52316982363752,0.0184992557042879,0.95,0.482606023940198,0.557110089284134,"conditional","areaBasedBrms"
0.145181014458498,0.0172260625521299,0.95,0.109023140847018,0.17569252747641,"marginal","areaBasedBrms"
0.541802687176363,0.0351935375517644,0.95,0.465019427448444,0.60613471325337,"conditional","poisBrms"
0.0360598277203365,0.0146035549383689,0.95,0.00486346084445915,0.0683107912612468,"marginal","poisBrms"
0.110912215269522,0.0434971759788158,0.95,0.0383370905848283,0.193931278815981,"conditional","twoStepBrms"
0.0620250572541953,0.0343307318281696,0.95,0.0122426963368538,0.142371919208232,"marginal","twoStepBrms"
